<?xml version="1.0" encoding="UTF-8"?>
<project-private xmlns="http://www.netbeans.org/ns/project-private/1">
    <editor-bookmarks xmlns="http://www.netbeans.org/ns/editor-bookmarks/2" lastBookmarkId="0"/>
    <open-files xmlns="http://www.netbeans.org/ns/projectui-open-files/2">
        <group>
            <file>file:/C:/Users/Adheesh/36CS/Netbeansdev/MyScrabble1/src/scrabble/gui/Anagramler.java</file>
            <file>file:/C:/Users/Adheesh/36CS/Netbeansdev/MyScrabble1/src/scrabble/gui/Verifier.java</file>
            <file>file:/C:/Users/Adheesh/36CS/Netbeansdev/MyScrabble1/src/scrabble/gui/ScrabbleGame.java</file>
        </group>
    </open-files>
</project-private>
